CREATE DATABASE  IF NOT EXISTS `pokemon_server` /*!40100 DEFAULT CHARACTER SET utf8mb4 COLLATE utf8mb4_0900_ai_ci */ /*!80016 DEFAULT ENCRYPTION='N' */;
USE `pokemon_server`;
-- MySQL dump 10.13  Distrib 8.0.28, for macos11 (x86_64)
--
-- Host: 127.0.0.1    Database: pokemon_server
-- ------------------------------------------------------
-- Server version	8.0.28

/*!40101 SET @OLD_CHARACTER_SET_CLIENT=@@CHARACTER_SET_CLIENT */;
/*!40101 SET @OLD_CHARACTER_SET_RESULTS=@@CHARACTER_SET_RESULTS */;
/*!40101 SET @OLD_COLLATION_CONNECTION=@@COLLATION_CONNECTION */;
/*!50503 SET NAMES utf8 */;
/*!40103 SET @OLD_TIME_ZONE=@@TIME_ZONE */;
/*!40103 SET TIME_ZONE='+00:00' */;
/*!40014 SET @OLD_UNIQUE_CHECKS=@@UNIQUE_CHECKS, UNIQUE_CHECKS=0 */;
/*!40014 SET @OLD_FOREIGN_KEY_CHECKS=@@FOREIGN_KEY_CHECKS, FOREIGN_KEY_CHECKS=0 */;
/*!40101 SET @OLD_SQL_MODE=@@SQL_MODE, SQL_MODE='NO_AUTO_VALUE_ON_ZERO' */;
/*!40111 SET @OLD_SQL_NOTES=@@SQL_NOTES, SQL_NOTES=0 */;

--
-- Table structure for table `admin`
--

DROP TABLE IF EXISTS `admin`;
/*!40101 SET @saved_cs_client     = @@character_set_client */;
/*!50503 SET character_set_client = utf8mb4 */;
CREATE TABLE `admin` (
  `userId` int NOT NULL,
  `name` varchar(32) NOT NULL,
  KEY `userId` (`userId`),
  CONSTRAINT `admin_ibfk_1` FOREIGN KEY (`userId`) REFERENCES `user` (`userId`) ON DELETE RESTRICT ON UPDATE RESTRICT
) ENGINE=InnoDB DEFAULT CHARSET=utf8mb4 COLLATE=utf8mb4_0900_ai_ci;
/*!40101 SET character_set_client = @saved_cs_client */;

--
-- Dumping data for table `admin`
--

LOCK TABLES `admin` WRITE;
/*!40000 ALTER TABLE `admin` DISABLE KEYS */;
/*!40000 ALTER TABLE `admin` ENABLE KEYS */;
UNLOCK TABLES;

--
-- Table structure for table `battle`
--

DROP TABLE IF EXISTS `battle`;
/*!40101 SET @saved_cs_client     = @@character_set_client */;
/*!50503 SET character_set_client = utf8mb4 */;
CREATE TABLE `battle` (
  `playerTeam` int DEFAULT NULL,
  `opponentTeam` int DEFAULT NULL,
  `location` varchar(32) DEFAULT NULL,
  KEY `playerTeam` (`playerTeam`),
  KEY `opponentTeam` (`opponentTeam`),
  CONSTRAINT `battle_ibfk_1` FOREIGN KEY (`playerTeam`) REFERENCES `team` (`teamId`) ON DELETE RESTRICT ON UPDATE CASCADE,
  CONSTRAINT `battle_ibfk_2` FOREIGN KEY (`opponentTeam`) REFERENCES `team` (`teamId`) ON DELETE RESTRICT ON UPDATE CASCADE
) ENGINE=InnoDB DEFAULT CHARSET=utf8mb4 COLLATE=utf8mb4_0900_ai_ci;
/*!40101 SET character_set_client = @saved_cs_client */;

--
-- Dumping data for table `battle`
--

LOCK TABLES `battle` WRITE;
/*!40000 ALTER TABLE `battle` DISABLE KEYS */;
INSERT INTO `battle` VALUES (6257,6258,'Sinnoh'),(6267,6268,'Sinnoh'),(6269,6270,'Sinnoh'),(6271,6272,'Sinnoh'),(6271,6274,'Sinnoh'),(6275,6276,'Sinnoh'),(6277,6278,'Sinnoh'),(6279,6280,'Sinnoh'),(6271,6282,'Sinnoh'),(6283,6284,'Sinnoh'),(6259,6286,'Sinnoh'),(6287,6288,'Sinnoh'),(6287,6290,'Sinnoh'),(6287,6292,'Sinnoh'),(6287,6294,'Sinnoh'),(6287,6296,'Sinnoh'),(6287,6298,'Sinnoh'),(6287,6300,'Sinnoh'),(6301,6302,'Sinnoh'),(6301,6304,'Sinnoh'),(6301,6306,'Sinnoh'),(6307,6308,'Sinnoh'),(6309,6310,'Sinnoh'),(6301,6312,'Sinnoh'),(6301,6314,'Sinnoh'),(6301,6316,'Sinnoh'),(6317,6318,'Sinnoh'),(6287,6320,'Sinnoh'),(6301,6322,'Sinnoh'),(6301,6324,'Sinnoh'),(6301,6326,'Sinnoh'),(6287,6328,'Sinnoh'),(6287,6330,'Sinnoh'),(6307,6332,'Sinnoh'),(6301,6334,'Sinnoh'),(6301,6336,'Sinnoh'),(6301,6338,'Sinnoh'),(6301,6340,'Sinnoh'),(6341,6342,'Sinnoh'),(6343,6344,'Sinnoh'),(6343,6346,'Sinnoh'),(6347,6348,'Sinnoh'),(6309,6350,'Sinnoh'),(6287,6352,'Sinnoh'),(6287,6354,'Sinnoh'),(6287,6356,'Sinnoh');
/*!40000 ALTER TABLE `battle` ENABLE KEYS */;
UNLOCK TABLES;

--
-- Table structure for table `item`
--

DROP TABLE IF EXISTS `item`;
/*!40101 SET @saved_cs_client     = @@character_set_client */;
/*!50503 SET character_set_client = utf8mb4 */;
CREATE TABLE `item` (
  `name` varchar(32) NOT NULL,
  `category` varchar(32) NOT NULL,
  PRIMARY KEY (`name`)
) ENGINE=InnoDB DEFAULT CHARSET=utf8mb4 COLLATE=utf8mb4_0900_ai_ci;
/*!40101 SET character_set_client = @saved_cs_client */;

--
-- Dumping data for table `item`
--

LOCK TABLES `item` WRITE;
/*!40000 ALTER TABLE `item` DISABLE KEYS */;
INSERT INTO `item` VALUES ('Ability Capsule','Hold items'),('Ability Patch','General items'),('Ability Urge','Battle items'),('Abomasite','Hold items'),('Absolite','Hold items'),('Absorb Bulb','Hold items'),('Adamant Crystal','Hold items'),('Adamant Mint','Hold items'),('Adamant Orb','Hold items'),('Adrenaline Orb','Hold items'),('Aerodactylite','Hold items'),('Aggronite','Hold items'),('Aguav Berry','Berries'),('Air Balloon','Hold items'),('Alakazite','Hold items'),('Aloraichium Z','Hold items'),('Altarianite','Hold items'),('Ampharosite','Hold items'),('Amulet Coin','Hold items'),('Antidote','Medicine'),('Apicot Berry','Berries'),('Apricorn','General items'),('Armor Fossil','General items'),('Armorite Ore','General items'),('None','None');
/*!40000 ALTER TABLE `item` ENABLE KEYS */;
UNLOCK TABLES;

--
-- Table structure for table `pokemon`
--

DROP TABLE IF EXISTS `pokemon`;
/*!40101 SET @saved_cs_client     = @@character_set_client */;
/*!50503 SET character_set_client = utf8mb4 */;
CREATE TABLE `pokemon` (
  `pID` int NOT NULL AUTO_INCREMENT,
  `pName` varchar(32) NOT NULL,
  `generation` int NOT NULL,
  `type` varchar(32) NOT NULL,
  PRIMARY KEY (`pID`),
  KEY `type` (`type`),
  CONSTRAINT `pokemon_ibfk_1` FOREIGN KEY (`type`) REFERENCES `type` (`name`) ON DELETE RESTRICT ON UPDATE RESTRICT
) ENGINE=InnoDB AUTO_INCREMENT=649 DEFAULT CHARSET=utf8mb4 COLLATE=utf8mb4_0900_ai_ci;
/*!40101 SET character_set_client = @saved_cs_client */;

--
-- Dumping data for table `pokemon`
--

LOCK TABLES `pokemon` WRITE;
/*!40000 ALTER TABLE `pokemon` DISABLE KEYS */;
INSERT INTO `pokemon` VALUES (1,'Bulbasaur',1,'Grass'),(2,'Ivysaur',1,'Grass'),(3,'Venusaur',1,'Grass'),(4,'Charmander',1,'Fire'),(5,'Charmeleon',1,'Fire'),(6,'Charizard',1,'Fire'),(7,'Squirtle',1,'Water'),(8,'Wartortle',1,'Water'),(9,'Blastoise',1,'Water'),(10,'Caterpie',1,'Bug'),(11,'Metapod',1,'Bug'),(12,'Butterfree',1,'Bug'),(13,'Weedle',1,'Bug'),(14,'Kakuna',1,'Bug'),(15,'Beedrill',1,'Bug'),(16,'Pidgey',1,'Normal'),(17,'Pidgeotto',1,'Normal'),(18,'Pidgeot',1,'Normal'),(19,'Rattata',1,'Normal'),(20,'Raticate',1,'Normal'),(21,'Spearow',1,'Normal'),(22,'Fearow',1,'Normal'),(23,'Ekans',1,'Poison'),(24,'Arbok',1,'Poison'),(25,'Pikachu',1,'Electric'),(26,'Raichu',1,'Electric'),(27,'Sandshrew',1,'Ground'),(28,'Sandslash',1,'Ground'),(29,'Nidoran',1,'Poison'),(30,'Nidorina',1,'Poison'),(31,'Nidoqueen',1,'Poison'),(32,'Nidoran',1,'Poison'),(33,'Nidorino',1,'Poison'),(34,'Nidoking',1,'Poison'),(35,'Clefairy',1,'Fairy'),(36,'Clefable',1,'Fairy'),(37,'Vulpix',1,'Fire'),(38,'Ninetales',1,'Fire'),(39,'Jigglypuff',1,'Normal'),(40,'Wigglytuff',1,'Normal'),(41,'Zubat',1,'Poison'),(42,'Golbat',1,'Poison'),(43,'Oddish',1,'Grass'),(44,'Gloom',1,'Grass'),(45,'Vileplume',1,'Grass'),(46,'Paras',1,'Bug'),(47,'Parasect',1,'Bug'),(48,'Venonat',1,'Bug'),(49,'Venomoth',1,'Bug'),(50,'Diglett',1,'Ground'),(51,'Dugtrio',1,'Ground'),(52,'Meowth',1,'Normal'),(53,'Persian',1,'Normal'),(54,'Psyduck',1,'Water'),(55,'Golduck',1,'Water'),(56,'Mankey',1,'Fighting'),(57,'Primeape',1,'Fighting'),(58,'Growlithe',1,'Fire'),(59,'Arcanine',1,'Fire'),(60,'Poliwag',1,'Water'),(61,'Poliwhirl',1,'Water'),(62,'Poliwrath',1,'Water'),(63,'Abra',1,'Psychic'),(64,'Kadabra',1,'Psychic'),(65,'Alakazam',1,'Psychic'),(66,'Machop',1,'Fighting'),(67,'Machoke',1,'Fighting'),(68,'Machamp',1,'Fighting'),(69,'Bellsprout',1,'Grass'),(70,'Weepinbell',1,'Grass'),(71,'Victreebel',1,'Grass'),(72,'Tentacool',1,'Water'),(73,'Tentacruel',1,'Water'),(74,'Geodude',1,'Rock'),(75,'Graveler',1,'Rock'),(76,'Golem',1,'Rock'),(77,'Ponyta',1,'Fire'),(78,'Rapidash',1,'Fire'),(79,'Slowpoke',1,'Water'),(80,'Slowbro',1,'Water'),(81,'Magnemite',1,'Electric'),(82,'Magneton',1,'Electric'),(83,'Farfetch\'d',1,'Normal'),(84,'Doduo',1,'Normal'),(85,'Dodrio',1,'Normal'),(86,'Seel',1,'Water'),(87,'Dewgong',1,'Water'),(88,'Grimer',1,'Poison'),(89,'Muk',1,'Poison'),(90,'Shellder',1,'Water'),(91,'Cloyster',1,'Water'),(92,'Gastly',1,'Ghost'),(93,'Haunter',1,'Ghost'),(94,'Gengar',1,'Ghost'),(95,'Onix',1,'Rock'),(96,'Drowzee',1,'Psychic'),(97,'Hypno',1,'Psychic'),(98,'Krabby',1,'Water'),(99,'Kingler',1,'Water'),(100,'Voltorb',1,'Electric'),(101,'Electrode',1,'Electric'),(102,'Exeggcute',1,'Grass'),(103,'Exeggutor',1,'Grass'),(104,'Cubone',1,'Ground'),(105,'Marowak',1,'Ground'),(106,'Hitmonlee',1,'Fighting'),(107,'Hitmonchan',1,'Fighting'),(108,'Lickitung',1,'Normal'),(109,'Koffing',1,'Poison'),(110,'Weezing',1,'Poison'),(111,'Rhyhorn',1,'Ground'),(112,'Rhydon',1,'Ground'),(113,'Chansey',1,'Normal'),(114,'Tangela',1,'Grass'),(115,'Kangaskhan',1,'Normal'),(116,'Horsea',1,'Water'),(117,'Seadra',1,'Water'),(118,'Goldeen',1,'Water'),(119,'Seaking',1,'Water'),(120,'Staryu',1,'Water'),(121,'Starmie',1,'Water'),(122,'Mr. Mime',1,'Psychic'),(123,'Scyther',1,'Bug'),(124,'Jynx',1,'Ice'),(125,'Electabuzz',1,'Electric'),(126,'Magmar',1,'Fire'),(127,'Pinsir',1,'Bug'),(128,'Tauros',1,'Normal'),(129,'Magikarp',1,'Water'),(130,'Gyarados',1,'Water'),(131,'Lapras',1,'Water'),(132,'Ditto',1,'Normal'),(133,'Eevee',1,'Normal'),(134,'Vaporeon',1,'Water'),(135,'Jolteon',1,'Electric'),(136,'Flareon',1,'Fire'),(137,'Porygon',1,'Normal'),(138,'Omanyte',1,'Rock'),(139,'Omastar',1,'Rock'),(140,'Kabuto',1,'Rock'),(141,'Kabutops',1,'Rock'),(142,'Aerodactyl',1,'Rock'),(143,'Snorlax',1,'Normal'),(144,'Articuno',1,'Ice'),(145,'Zapdos',1,'Electric'),(146,'Moltres',1,'Fire'),(147,'Dratini',1,'Dragon'),(148,'Dragonair',1,'Dragon'),(149,'Dragonite',1,'Dragon'),(150,'Mewtwo',1,'Psychic'),(151,'Mew',1,'Psychic'),(152,'Chikorita',2,'Grass'),(153,'Bayleef',2,'Grass'),(154,'Meganium',2,'Grass'),(155,'Cyndaquil',2,'Fire'),(156,'Quilava',2,'Fire'),(157,'Typhlosion',2,'Fire'),(158,'Totodile',2,'Water'),(159,'Croconaw',2,'Water'),(160,'Feraligatr',2,'Water'),(161,'Sentret',2,'Normal'),(162,'Furret',2,'Normal'),(163,'Hoothoot',2,'Normal'),(164,'Noctowl',2,'Normal'),(165,'Ledyba',2,'Bug'),(166,'Ledian',2,'Bug'),(167,'Spinarak',2,'Bug'),(168,'Ariados',2,'Bug'),(169,'Crobat',2,'Poison'),(170,'Chinchou',2,'Water'),(171,'Lanturn',2,'Water'),(172,'Pichu',2,'Electric'),(173,'Cleffa',2,'Fairy'),(174,'Igglybuff',2,'Normal'),(175,'Togepi',2,'Fairy'),(176,'Togetic',2,'Fairy'),(177,'Natu',2,'Psychic'),(178,'Xatu',2,'Psychic'),(179,'Mareep',2,'Electric'),(180,'Flaaffy',2,'Electric'),(181,'Ampharos',2,'Electric'),(182,'Bellossom',2,'Grass'),(183,'Marill',2,'Water'),(184,'Azumarill',2,'Water'),(185,'Sudowoodo',2,'Rock'),(186,'Politoed',2,'Water'),(187,'Hoppip',2,'Grass'),(188,'Skiploom',2,'Grass'),(189,'Jumpluff',2,'Grass'),(190,'Aipom',2,'Normal'),(191,'Sunkern',2,'Grass'),(192,'Sunflora',2,'Grass'),(193,'Yanma',2,'Bug'),(194,'Wooper',2,'Water'),(195,'Quagsire',2,'Water'),(196,'Espeon',2,'Psychic'),(197,'Umbreon',2,'Dark'),(198,'Murkrow',2,'Dark'),(199,'Slowking',2,'Water'),(200,'Misdreavus',2,'Ghost'),(201,'Unown',2,'Psychic'),(202,'Wobbuffet',2,'Psychic'),(203,'Girafarig',2,'Normal'),(204,'Pineco',2,'Bug'),(205,'Forretress',2,'Bug'),(206,'Dunsparce',2,'Normal'),(207,'Gligar',2,'Ground'),(208,'Steelix',2,'Steel'),(209,'Snubbull',2,'Fairy'),(210,'Granbull',2,'Fairy'),(211,'Qwilfish',2,'Water'),(212,'Scizor',2,'Bug'),(213,'Shuckle',2,'Bug'),(214,'Heracross',2,'Bug'),(215,'Sneasel',2,'Dark'),(216,'Teddiursa',2,'Normal'),(217,'Ursaring',2,'Normal'),(218,'Slugma',2,'Fire'),(219,'Magcargo',2,'Fire'),(220,'Swinub',2,'Ice'),(221,'Piloswine',2,'Ice'),(222,'Corsola',2,'Water'),(223,'Remoraid',2,'Water'),(224,'Octillery',2,'Water'),(225,'Delibird',2,'Ice'),(226,'Mantine',2,'Water'),(227,'Skarmory',2,'Steel'),(228,'Houndour',2,'Dark'),(229,'Houndoom',2,'Dark'),(230,'Kingdra',2,'Water'),(231,'Phanpy',2,'Ground'),(232,'Donphan',2,'Ground'),(233,'Porygon2',2,'Normal'),(234,'Stantler',2,'Normal'),(235,'Smeargle',2,'Normal'),(236,'Tyrogue',2,'Fighting'),(237,'Hitmontop',2,'Fighting'),(238,'Smoochum',2,'Ice'),(239,'Elekid',2,'Electric'),(240,'Magby',2,'Fire'),(241,'Miltank',2,'Normal'),(242,'Blissey',2,'Normal'),(243,'Raikou',2,'Electric'),(244,'Entei',2,'Fire'),(245,'Suicune',2,'Water'),(246,'Larvitar',2,'Rock'),(247,'Pupitar',2,'Rock'),(248,'Tyranitar',2,'Rock'),(249,'Lugia',2,'Psychic'),(250,'Ho-oh',2,'Fire'),(251,'Celebi',2,'Psychic'),(252,'Treecko',3,'Grass'),(253,'Grovyle',3,'Grass'),(254,'Sceptile',3,'Grass'),(255,'Torchic',3,'Fire'),(256,'Combusken',3,'Fire'),(257,'Blaziken',3,'Fire'),(258,'Mudkip',3,'Water'),(259,'Marshtomp',3,'Water'),(260,'Swampert',3,'Water'),(261,'Poochyena',3,'Dark'),(262,'Mightyena',3,'Dark'),(263,'Zigzagoon',3,'Normal'),(264,'Linoone',3,'Normal'),(265,'Wurmple',3,'Bug'),(266,'Silcoon',3,'Bug'),(267,'Beautifly',3,'Bug'),(268,'Cascoon',3,'Bug'),(269,'Dustox',3,'Bug'),(270,'Lotad',3,'Water'),(271,'Lombre',3,'Water'),(272,'Ludicolo',3,'Water'),(273,'Seedot',3,'Grass'),(274,'Nuzleaf',3,'Grass'),(275,'Shiftry',3,'Grass'),(276,'Taillow',3,'Normal'),(277,'Swellow',3,'Normal'),(278,'Wingull',3,'Water'),(279,'Pelipper',3,'Water'),(280,'Ralts',3,'Psychic'),(281,'Kirlia',3,'Psychic'),(282,'Gardevoir',3,'Psychic'),(283,'Surskit',3,'Bug'),(284,'Masquerain',3,'Bug'),(285,'Shroomish',3,'Grass'),(286,'Breloom',3,'Grass'),(287,'Slakoth',3,'Normal'),(288,'Vigoroth',3,'Normal'),(289,'Slaking',3,'Normal'),(290,'Nincada',3,'Bug'),(291,'Ninjask',3,'Bug'),(292,'Shedinja',3,'Bug'),(293,'Whismur',3,'Normal'),(294,'Loudred',3,'Normal'),(295,'Exploud',3,'Normal'),(296,'Makuhita',3,'Fighting'),(297,'Hariyama',3,'Fighting'),(298,'Azurill',3,'Normal'),(299,'Nosepass',3,'Rock'),(300,'Skitty',3,'Normal'),(301,'Delcatty',3,'Normal'),(302,'Sableye',3,'Dark'),(303,'Mawile',3,'Steel'),(304,'Aron',3,'Steel'),(305,'Lairon',3,'Steel'),(306,'Aggron',3,'Steel'),(307,'Meditite',3,'Fighting'),(308,'Medicham',3,'Fighting'),(309,'Electrike',3,'Electric'),(310,'Manectric',3,'Electric'),(311,'Plusle',3,'Electric'),(312,'Minun',3,'Electric'),(313,'Volbeat',3,'Bug'),(314,'Illumise',3,'Bug'),(315,'Roselia',3,'Grass'),(316,'Gulpin',3,'Poison'),(317,'Swalot',3,'Poison'),(318,'Carvanha',3,'Water'),(319,'Sharpedo',3,'Water'),(320,'Wailmer',3,'Water'),(321,'Wailord',3,'Water'),(322,'Numel',3,'Fire'),(323,'Camerupt',3,'Fire'),(324,'Torkoal',3,'Fire'),(325,'Spoink',3,'Psychic'),(326,'Grumpig',3,'Psychic'),(327,'Spinda',3,'Normal'),(328,'Trapinch',3,'Ground'),(329,'Vibrava',3,'Ground'),(330,'Flygon',3,'Ground'),(331,'Cacnea',3,'Grass'),(332,'Cacturne',3,'Grass'),(333,'Swablu',3,'Normal'),(334,'Altaria',3,'Dragon'),(335,'Zangoose',3,'Normal'),(336,'Seviper',3,'Poison'),(337,'Lunatone',3,'Rock'),(338,'Solrock',3,'Rock'),(339,'Barboach',3,'Water'),(340,'Whiscash',3,'Water'),(341,'Corphish',3,'Water'),(342,'Crawdaunt',3,'Water'),(343,'Baltoy',3,'Ground'),(344,'Claydol',3,'Ground'),(345,'Lileep',3,'Rock'),(346,'Cradily',3,'Rock'),(347,'Anorith',3,'Rock'),(348,'Armaldo',3,'Rock'),(349,'Feebas',3,'Water'),(350,'Milotic',3,'Water'),(351,'Castform',3,'Normal'),(352,'Kecleon',3,'Normal'),(353,'Shuppet',3,'Ghost'),(354,'Banette',3,'Ghost'),(355,'Duskull',3,'Ghost'),(356,'Dusclops',3,'Ghost'),(357,'Tropius',3,'Grass'),(358,'Chimecho',3,'Psychic'),(359,'Absol',3,'Dark'),(360,'Wynaut',3,'Psychic'),(361,'Snorunt',3,'Ice'),(362,'Glalie',3,'Ice'),(363,'Spheal',3,'Ice'),(364,'Sealeo',3,'Ice'),(365,'Walrein',3,'Ice'),(366,'Clamperl',3,'Water'),(367,'Huntail',3,'Water'),(368,'Gorebyss',3,'Water'),(369,'Relicanth',3,'Water'),(370,'Luvdisc',3,'Water'),(371,'Bagon',3,'Dragon'),(372,'Shelgon',3,'Dragon'),(373,'Salamence',3,'Dragon'),(374,'Beldum',3,'Steel'),(375,'Metang',3,'Steel'),(376,'Metagross',3,'Steel'),(377,'Regirock',3,'Rock'),(378,'Regice',3,'Ice'),(379,'Registeel',3,'Steel'),(380,'Latias',3,'Dragon'),(381,'Latios',3,'Dragon'),(382,'Kyogre',3,'Water'),(383,'Groudon',3,'Ground'),(384,'Rayquaza',3,'Dragon'),(385,'Jirachi',3,'Steel'),(386,'DeoxysNormal Forme',3,'Psychic'),(387,'Turtwig',4,'Grass'),(388,'Grotle',4,'Grass'),(389,'Torterra',4,'Grass'),(390,'Chimchar',4,'Fire'),(391,'Monferno',4,'Fire'),(392,'Infernape',4,'Fire'),(393,'Piplup',4,'Water'),(394,'Prinplup',4,'Water'),(395,'Empoleon',4,'Water'),(396,'Starly',4,'Normal'),(397,'Staravia',4,'Normal'),(398,'Staraptor',4,'Normal'),(399,'Bidoof',4,'Normal'),(400,'Bibarel',4,'Normal'),(401,'Kricketot',4,'Bug'),(402,'Kricketune',4,'Bug'),(403,'Shinx',4,'Electric'),(404,'Luxio',4,'Electric'),(405,'Luxray',4,'Electric'),(406,'Budew',4,'Grass'),(407,'Roserade',4,'Grass'),(408,'Cranidos',4,'Rock'),(409,'Rampardos',4,'Rock'),(410,'Shieldon',4,'Rock'),(411,'Bastiodon',4,'Rock'),(412,'Burmy',4,'Bug'),(413,'WormadamPlant Cloak',4,'Bug'),(414,'Mothim',4,'Bug'),(415,'Combee',4,'Bug'),(416,'Vespiquen',4,'Bug'),(417,'Pachirisu',4,'Electric'),(418,'Buizel',4,'Water'),(419,'Floatzel',4,'Water'),(420,'Cherubi',4,'Grass'),(421,'Cherrim',4,'Grass'),(422,'Shellos',4,'Water'),(423,'Gastrodon',4,'Water'),(424,'Ambipom',4,'Normal'),(425,'Drifloon',4,'Ghost'),(426,'Drifblim',4,'Ghost'),(427,'Buneary',4,'Normal'),(428,'Lopunny',4,'Normal'),(429,'Mismagius',4,'Ghost'),(430,'Honchkrow',4,'Dark'),(431,'Glameow',4,'Normal'),(432,'Purugly',4,'Normal'),(433,'Chingling',4,'Psychic'),(434,'Stunky',4,'Poison'),(435,'Skuntank',4,'Poison'),(436,'Bronzor',4,'Steel'),(437,'Bronzong',4,'Steel'),(438,'Bonsly',4,'Rock'),(439,'Mime Jr.',4,'Psychic'),(440,'Happiny',4,'Normal'),(441,'Chatot',4,'Normal'),(442,'Spiritomb',4,'Ghost'),(443,'Gible',4,'Dragon'),(444,'Gabite',4,'Dragon'),(445,'Garchomp',4,'Dragon'),(446,'Munchlax',4,'Normal'),(447,'Riolu',4,'Fighting'),(448,'Lucario',4,'Fighting'),(449,'Hippopotas',4,'Ground'),(450,'Hippowdon',4,'Ground'),(451,'Skorupi',4,'Poison'),(452,'Drapion',4,'Poison'),(453,'Croagunk',4,'Poison'),(454,'Toxicroak',4,'Poison'),(455,'Carnivine',4,'Grass'),(456,'Finneon',4,'Water'),(457,'Lumineon',4,'Water'),(458,'Mantyke',4,'Water'),(459,'Snover',4,'Grass'),(460,'Abomasnow',4,'Grass'),(461,'Weavile',4,'Dark'),(462,'Magnezone',4,'Electric'),(463,'Lickilicky',4,'Normal'),(464,'Rhyperior',4,'Ground'),(465,'Tangrowth',4,'Grass'),(466,'Electivire',4,'Electric'),(467,'Magmortar',4,'Fire'),(468,'Togekiss',4,'Fairy'),(469,'Yanmega',4,'Bug'),(470,'Leafeon',4,'Grass'),(471,'Glaceon',4,'Ice'),(472,'Gliscor',4,'Ground'),(473,'Mamoswine',4,'Ice'),(474,'Porygon-Z',4,'Normal'),(475,'Gallade',4,'Psychic'),(476,'Probopass',4,'Rock'),(477,'Dusknoir',4,'Ghost'),(478,'Froslass',4,'Ice'),(479,'Rotom',4,'Electric'),(480,'Uxie',4,'Psychic'),(481,'Mesprit',4,'Psychic'),(482,'Azelf',4,'Psychic'),(483,'Dialga',4,'Steel'),(484,'Palkia',4,'Water'),(485,'Heatran',4,'Fire'),(486,'Regigigas',4,'Normal'),(487,'GiratinaAltered Forme',4,'Ghost'),(488,'Cresselia',4,'Psychic'),(489,'Phione',4,'Water'),(490,'Manaphy',4,'Water'),(491,'Darkrai',4,'Dark'),(492,'ShayminLand Forme',4,'Grass'),(493,'Arceus',4,'Normal'),(494,'Victini',5,'Psychic'),(495,'Snivy',5,'Grass'),(496,'Servine',5,'Grass'),(497,'Serperior',5,'Grass'),(498,'Tepig',5,'Fire'),(499,'Pignite',5,'Fire'),(500,'Emboar',5,'Fire'),(501,'Oshawott',5,'Water'),(502,'Dewott',5,'Water'),(503,'Samurott',5,'Water'),(504,'Patrat',5,'Normal'),(505,'Watchog',5,'Normal'),(506,'Lillipup',5,'Normal'),(507,'Herdier',5,'Normal'),(508,'Stoutland',5,'Normal'),(509,'Purrloin',5,'Dark'),(510,'Liepard',5,'Dark'),(511,'Pansage',5,'Grass'),(512,'Simisage',5,'Grass'),(513,'Pansear',5,'Fire'),(514,'Simisear',5,'Fire'),(515,'Panpour',5,'Water'),(516,'Simipour',5,'Water'),(517,'Munna',5,'Psychic'),(518,'Musharna',5,'Psychic'),(519,'Pidove',5,'Normal'),(520,'Tranquill',5,'Normal'),(521,'Unfezant',5,'Normal'),(522,'Blitzle',5,'Electric'),(523,'Zebstrika',5,'Electric'),(524,'Roggenrola',5,'Rock'),(525,'Boldore',5,'Rock'),(526,'Gigalith',5,'Rock'),(527,'Woobat',5,'Psychic'),(528,'Swoobat',5,'Psychic'),(529,'Drilbur',5,'Ground'),(530,'Excadrill',5,'Ground'),(531,'Audino',5,'Normal'),(532,'Timburr',5,'Fighting'),(533,'Gurdurr',5,'Fighting'),(534,'Conkeldurr',5,'Fighting'),(535,'Tympole',5,'Water'),(536,'Palpitoad',5,'Water'),(537,'Seismitoad',5,'Water'),(538,'Throh',5,'Fighting'),(539,'Sawk',5,'Fighting'),(540,'Sewaddle',5,'Bug'),(541,'Swadloon',5,'Bug'),(542,'Leavanny',5,'Bug'),(543,'Venipede',5,'Bug'),(544,'Whirlipede',5,'Bug'),(545,'Scolipede',5,'Bug'),(546,'Cottonee',5,'Grass'),(547,'Whimsicott',5,'Grass'),(548,'Petilil',5,'Grass'),(549,'Lilligant',5,'Grass'),(550,'Basculin',5,'Water'),(551,'Sandile',5,'Ground'),(552,'Krokorok',5,'Ground'),(553,'Krookodile',5,'Ground'),(554,'Darumaka',5,'Fire'),(555,'DarmanitanStandard Mode',5,'Fire'),(556,'Maractus',5,'Grass'),(557,'Dwebble',5,'Bug'),(558,'Crustle',5,'Bug'),(559,'Scraggy',5,'Dark'),(560,'Scrafty',5,'Dark'),(561,'Sigilyph',5,'Psychic'),(562,'Yamask',5,'Ghost'),(563,'Cofagrigus',5,'Ghost'),(564,'Tirtouga',5,'Water'),(565,'Carracosta',5,'Water'),(566,'Archen',5,'Rock'),(567,'Archeops',5,'Rock'),(568,'Trubbish',5,'Poison'),(569,'Garbodor',5,'Poison'),(570,'Zorua',5,'Dark'),(571,'Zoroark',5,'Dark'),(572,'Minccino',5,'Normal'),(573,'Cinccino',5,'Normal'),(574,'Gothita',5,'Psychic'),(575,'Gothorita',5,'Psychic'),(576,'Gothitelle',5,'Psychic'),(577,'Solosis',5,'Psychic'),(578,'Duosion',5,'Psychic'),(579,'Reuniclus',5,'Psychic'),(580,'Ducklett',5,'Water'),(581,'Swanna',5,'Water'),(582,'Vanillite',5,'Ice'),(583,'Vanillish',5,'Ice'),(584,'Vanilluxe',5,'Ice'),(585,'Deerling',5,'Normal'),(586,'Sawsbuck',5,'Normal'),(587,'Emolga',5,'Electric'),(588,'Karrablast',5,'Bug'),(589,'Escavalier',5,'Bug'),(590,'Foongus',5,'Grass'),(591,'Amoonguss',5,'Grass'),(592,'Frillish',5,'Water'),(593,'Jellicent',5,'Water'),(594,'Alomomola',5,'Water'),(595,'Joltik',5,'Bug'),(596,'Galvantula',5,'Bug'),(597,'Ferroseed',5,'Grass'),(598,'Ferrothorn',5,'Grass'),(599,'Klink',5,'Steel'),(600,'Klang',5,'Steel'),(601,'Klinklang',5,'Steel'),(602,'Tynamo',5,'Electric'),(603,'Eelektrik',5,'Electric'),(604,'Eelektross',5,'Electric'),(605,'Elgyem',5,'Psychic'),(606,'Beheeyem',5,'Psychic'),(607,'Litwick',5,'Ghost'),(608,'Lampent',5,'Ghost'),(609,'Chandelure',5,'Ghost'),(610,'Axew',5,'Dragon'),(611,'Fraxure',5,'Dragon'),(612,'Haxorus',5,'Dragon'),(613,'Cubchoo',5,'Ice'),(614,'Beartic',5,'Ice'),(615,'Cryogonal',5,'Ice'),(616,'Shelmet',5,'Bug'),(617,'Accelgor',5,'Bug'),(618,'Stunfisk',5,'Ground'),(619,'Mienfoo',5,'Fighting'),(620,'Mienshao',5,'Fighting'),(621,'Druddigon',5,'Dragon'),(622,'Golett',5,'Ground'),(623,'Golurk',5,'Ground'),(624,'Pawniard',5,'Dark'),(625,'Bisharp',5,'Dark'),(626,'Bouffalant',5,'Normal'),(627,'Rufflet',5,'Normal'),(628,'Braviary',5,'Normal'),(629,'Vullaby',5,'Dark'),(630,'Mandibuzz',5,'Dark'),(631,'Heatmor',5,'Fire'),(632,'Durant',5,'Bug'),(633,'Deino',5,'Dark'),(634,'Zweilous',5,'Dark'),(635,'Hydreigon',5,'Dark'),(636,'Larvesta',5,'Bug'),(637,'Volcarona',5,'Bug'),(638,'Cobalion',5,'Steel'),(639,'Terrakion',5,'Rock'),(640,'Virizion',5,'Grass'),(641,'TornadusIncarnate Forme',5,'Flying'),(642,'ThundurusIncarnate Forme',5,'Electric'),(643,'Reshiram',5,'Dragon'),(644,'Zekrom',5,'Dragon'),(645,'LandorusIncarnate Forme',5,'Ground'),(646,'Kyurem',5,'Dragon'),(647,'KeldeoOrdinary Forme',5,'Water'),(648,'MeloettaAria Forme',5,'Normal');
/*!40000 ALTER TABLE `pokemon` ENABLE KEYS */;
UNLOCK TABLES;

--
-- Table structure for table `powers`
--

DROP TABLE IF EXISTS `powers`;
/*!40101 SET @saved_cs_client     = @@character_set_client */;
/*!50503 SET character_set_client = utf8mb4 */;
CREATE TABLE `powers` (
  `pId` int NOT NULL AUTO_INCREMENT,
  `total` int NOT NULL,
  `hp` int NOT NULL,
  `attack` int NOT NULL,
  `defense` int NOT NULL,
  `spAtk` int NOT NULL,
  `spDef` int NOT NULL,
  `speed` int NOT NULL,
  KEY `pId` (`pId`),
  CONSTRAINT `powers_ibfk_1` FOREIGN KEY (`pId`) REFERENCES `pokemon` (`pID`) ON DELETE RESTRICT ON UPDATE CASCADE
) ENGINE=InnoDB AUTO_INCREMENT=649 DEFAULT CHARSET=utf8mb4 COLLATE=utf8mb4_0900_ai_ci;
/*!40101 SET character_set_client = @saved_cs_client */;

--
-- Dumping data for table `powers`
--

LOCK TABLES `powers` WRITE;
/*!40000 ALTER TABLE `powers` DISABLE KEYS */;
INSERT INTO `powers` VALUES (1,318,45,49,49,65,65,45),(2,405,60,62,63,80,80,60),(3,525,80,82,83,100,100,80),(3,625,80,100,123,122,120,80),(4,309,39,52,43,60,50,65),(5,405,58,64,58,80,65,80),(6,534,78,84,78,109,85,100),(6,634,78,130,111,130,85,100),(6,634,78,104,78,159,115,100),(7,314,44,48,65,50,64,43),(8,405,59,63,80,65,80,58),(9,530,79,83,100,85,105,78),(9,630,79,103,120,135,115,78),(10,195,45,30,35,20,20,45),(11,205,50,20,55,25,25,30),(12,395,60,45,50,90,80,70),(13,195,40,35,30,20,20,50),(14,205,45,25,50,25,25,35),(15,395,65,90,40,45,80,75),(15,495,65,150,40,15,80,145),(16,251,40,45,40,35,35,56),(17,349,63,60,55,50,50,71),(18,479,83,80,75,70,70,101),(18,579,83,80,80,135,80,121),(19,253,30,56,35,25,35,72),(20,413,55,81,60,50,70,97),(21,262,40,60,30,31,31,70),(22,442,65,90,65,61,61,100),(23,288,35,60,44,40,54,55),(24,438,60,85,69,65,79,80),(25,320,35,55,40,50,50,90),(26,485,60,90,55,90,80,110),(27,300,50,75,85,20,30,40),(28,450,75,100,110,45,55,65),(29,275,55,47,52,40,40,41),(30,365,70,62,67,55,55,56),(31,505,90,92,87,75,85,76),(32,273,46,57,40,40,40,50),(33,365,61,72,57,55,55,65),(34,505,81,102,77,85,75,85),(35,323,70,45,48,60,65,35),(36,483,95,70,73,95,90,60),(37,299,38,41,40,50,65,65),(38,505,73,76,75,81,100,100),(39,270,115,45,20,45,25,20),(40,435,140,70,45,85,50,45),(41,245,40,45,35,30,40,55),(42,455,75,80,70,65,75,90),(43,320,45,50,55,75,65,30),(44,395,60,65,70,85,75,40),(45,490,75,80,85,110,90,50),(46,285,35,70,55,45,55,25),(47,405,60,95,80,60,80,30),(48,305,60,55,50,40,55,45),(49,450,70,65,60,90,75,90),(50,265,10,55,25,35,45,95),(51,405,35,80,50,50,70,120),(52,290,40,45,35,40,40,90),(53,440,65,70,60,65,65,115),(54,320,50,52,48,65,50,55),(55,500,80,82,78,95,80,85),(56,305,40,80,35,35,45,70),(57,455,65,105,60,60,70,95),(58,350,55,70,45,70,50,60),(59,555,90,110,80,100,80,95),(60,300,40,50,40,40,40,90),(61,385,65,65,65,50,50,90),(62,510,90,95,95,70,90,70),(63,310,25,20,15,105,55,90),(64,400,40,35,30,120,70,105),(65,500,55,50,45,135,95,120),(65,590,55,50,65,175,95,150),(66,305,70,80,50,35,35,35),(67,405,80,100,70,50,60,45),(68,505,90,130,80,65,85,55),(69,300,50,75,35,70,30,40),(70,390,65,90,50,85,45,55),(71,490,80,105,65,100,70,70),(72,335,40,40,35,50,100,70),(73,515,80,70,65,80,120,100),(74,300,40,80,100,30,30,20),(75,390,55,95,115,45,45,35),(76,495,80,120,130,55,65,45),(77,410,50,85,55,65,65,90),(78,500,65,100,70,80,80,105),(79,315,90,65,65,40,40,15),(80,490,95,75,110,100,80,30),(80,590,95,75,180,130,80,30),(81,325,25,35,70,95,55,45),(82,465,50,60,95,120,70,70),(83,352,52,65,55,58,62,60),(84,310,35,85,45,35,35,75),(85,460,60,110,70,60,60,100),(86,325,65,45,55,45,70,45),(87,475,90,70,80,70,95,70),(88,325,80,80,50,40,50,25),(89,500,105,105,75,65,100,50),(90,305,30,65,100,45,25,40),(91,525,50,95,180,85,45,70),(92,310,30,35,30,100,35,80),(93,405,45,50,45,115,55,95),(94,500,60,65,60,130,75,110),(94,600,60,65,80,170,95,130),(95,385,35,45,160,30,45,70),(96,328,60,48,45,43,90,42),(97,483,85,73,70,73,115,67),(98,325,30,105,90,25,25,50),(99,475,55,130,115,50,50,75),(100,330,40,30,50,55,55,100),(101,480,60,50,70,80,80,140),(102,325,60,40,80,60,45,40),(103,520,95,95,85,125,65,55),(104,320,50,50,95,40,50,35),(105,425,60,80,110,50,80,45),(106,455,50,120,53,35,110,87),(107,455,50,105,79,35,110,76),(108,385,90,55,75,60,75,30),(109,340,40,65,95,60,45,35),(110,490,65,90,120,85,70,60),(111,345,80,85,95,30,30,25),(112,485,105,130,120,45,45,40),(113,450,250,5,5,35,105,50),(114,435,65,55,115,100,40,60),(115,490,105,95,80,40,80,90),(115,590,105,125,100,60,100,100),(116,295,30,40,70,70,25,60),(117,440,55,65,95,95,45,85),(118,320,45,67,60,35,50,63),(119,450,80,92,65,65,80,68),(120,340,30,45,55,70,55,85),(121,520,60,75,85,100,85,115),(122,460,40,45,65,100,120,90),(123,500,70,110,80,55,80,105),(124,455,65,50,35,115,95,95),(125,490,65,83,57,95,85,105),(126,495,65,95,57,100,85,93),(127,500,65,125,100,55,70,85),(127,600,65,155,120,65,90,105),(128,490,75,100,95,40,70,110),(129,200,20,10,55,15,20,80),(130,540,95,125,79,60,100,81),(130,640,95,155,109,70,130,81),(131,535,130,85,80,85,95,60),(132,288,48,48,48,48,48,48),(133,325,55,55,50,45,65,55),(134,525,130,65,60,110,95,65),(135,525,65,65,60,110,95,130),(136,525,65,130,60,95,110,65),(137,395,65,60,70,85,75,40),(138,355,35,40,100,90,55,35),(139,495,70,60,125,115,70,55),(140,355,30,80,90,55,45,55),(141,495,60,115,105,65,70,80),(142,515,80,105,65,60,75,130),(142,615,80,135,85,70,95,150),(143,540,160,110,65,65,110,30),(144,580,90,85,100,95,125,85),(145,580,90,90,85,125,90,100),(146,580,90,100,90,125,85,90),(147,300,41,64,45,50,50,50),(148,420,61,84,65,70,70,70),(149,600,91,134,95,100,100,80),(150,680,106,110,90,154,90,130),(150,780,106,190,100,154,100,130),(150,780,106,150,70,194,120,140),(151,600,100,100,100,100,100,100),(152,318,45,49,65,49,65,45),(153,405,60,62,80,63,80,60),(154,525,80,82,100,83,100,80),(155,309,39,52,43,60,50,65),(156,405,58,64,58,80,65,80),(157,534,78,84,78,109,85,100),(158,314,50,65,64,44,48,43),(159,405,65,80,80,59,63,58),(160,530,85,105,100,79,83,78),(161,215,35,46,34,35,45,20),(162,415,85,76,64,45,55,90),(163,262,60,30,30,36,56,50),(164,442,100,50,50,76,96,70),(165,265,40,20,30,40,80,55),(166,390,55,35,50,55,110,85),(167,250,40,60,40,40,40,30),(168,390,70,90,70,60,60,40),(169,535,85,90,80,70,80,130),(170,330,75,38,38,56,56,67),(171,460,125,58,58,76,76,67),(172,205,20,40,15,35,35,60),(173,218,50,25,28,45,55,15),(174,210,90,30,15,40,20,15),(175,245,35,20,65,40,65,20),(176,405,55,40,85,80,105,40),(177,320,40,50,45,70,45,70),(178,470,65,75,70,95,70,95),(179,280,55,40,40,65,45,35),(180,365,70,55,55,80,60,45),(181,510,90,75,85,115,90,55),(181,610,90,95,105,165,110,45),(182,490,75,80,95,90,100,50),(183,250,70,20,50,20,50,40),(184,420,100,50,80,60,80,50),(185,410,70,100,115,30,65,30),(186,500,90,75,75,90,100,70),(187,250,35,35,40,35,55,50),(188,340,55,45,50,45,65,80),(189,460,75,55,70,55,95,110),(190,360,55,70,55,40,55,85),(191,180,30,30,30,30,30,30),(192,425,75,75,55,105,85,30),(193,390,65,65,45,75,45,95),(194,210,55,45,45,25,25,15),(195,430,95,85,85,65,65,35),(196,525,65,65,60,130,95,110),(197,525,95,65,110,60,130,65),(198,405,60,85,42,85,42,91),(199,490,95,75,80,100,110,30),(200,435,60,60,60,85,85,85),(201,336,48,72,48,72,48,48),(202,405,190,33,58,33,58,33),(203,455,70,80,65,90,65,85),(204,290,50,65,90,35,35,15),(205,465,75,90,140,60,60,40),(206,415,100,70,70,65,65,45),(207,430,65,75,105,35,65,85),(208,510,75,85,200,55,65,30),(208,610,75,125,230,55,95,30),(209,300,60,80,50,40,40,30),(210,450,90,120,75,60,60,45),(211,430,65,95,75,55,55,85),(212,500,70,130,100,55,80,65),(212,600,70,150,140,65,100,75),(213,505,20,10,230,10,230,5),(214,500,80,125,75,40,95,85),(214,600,80,185,115,40,105,75),(215,430,55,95,55,35,75,115),(216,330,60,80,50,50,50,40),(217,500,90,130,75,75,75,55),(218,250,40,40,40,70,40,20),(219,410,50,50,120,80,80,30),(220,250,50,50,40,30,30,50),(221,450,100,100,80,60,60,50),(222,380,55,55,85,65,85,35),(223,300,35,65,35,65,35,65),(224,480,75,105,75,105,75,45),(225,330,45,55,45,65,45,75),(226,465,65,40,70,80,140,70),(227,465,65,80,140,40,70,70),(228,330,45,60,30,80,50,65),(229,500,75,90,50,110,80,95),(229,600,75,90,90,140,90,115),(230,540,75,95,95,95,95,85),(231,330,90,60,60,40,40,40),(232,500,90,120,120,60,60,50),(233,515,85,80,90,105,95,60),(234,465,73,95,62,85,65,85),(235,250,55,20,35,20,45,75),(236,210,35,35,35,35,35,35),(237,455,50,95,95,35,110,70),(238,305,45,30,15,85,65,65),(239,360,45,63,37,65,55,95),(240,365,45,75,37,70,55,83),(241,490,95,80,105,40,70,100),(242,540,255,10,10,75,135,55),(243,580,90,85,75,115,100,115),(244,580,115,115,85,90,75,100),(245,580,100,75,115,90,115,85),(246,300,50,64,50,45,50,41),(247,410,70,84,70,65,70,51),(248,600,100,134,110,95,100,61),(248,700,100,164,150,95,120,71),(249,680,106,90,130,90,154,110),(250,680,106,130,90,110,154,90),(251,600,100,100,100,100,100,100),(252,310,40,45,35,65,55,70),(253,405,50,65,45,85,65,95),(254,530,70,85,65,105,85,120),(254,630,70,110,75,145,85,145),(255,310,45,60,40,70,50,45),(256,405,60,85,60,85,60,55),(257,530,80,120,70,110,70,80),(257,630,80,160,80,130,80,100),(258,310,50,70,50,50,50,40),(259,405,70,85,70,60,70,50),(260,535,100,110,90,85,90,60),(260,635,100,150,110,95,110,70),(261,220,35,55,35,30,30,35),(262,420,70,90,70,60,60,70),(263,240,38,30,41,30,41,60),(264,420,78,70,61,50,61,100),(265,195,45,45,35,20,30,20),(266,205,50,35,55,25,25,15),(267,395,60,70,50,100,50,65),(268,205,50,35,55,25,25,15),(269,385,60,50,70,50,90,65),(270,220,40,30,30,40,50,30),(271,340,60,50,50,60,70,50),(272,480,80,70,70,90,100,70),(273,220,40,40,50,30,30,30),(274,340,70,70,40,60,40,60),(275,480,90,100,60,90,60,80),(276,270,40,55,30,30,30,85),(277,430,60,85,60,50,50,125),(278,270,40,30,30,55,30,85),(279,430,60,50,100,85,70,65),(280,198,28,25,25,45,35,40),(281,278,38,35,35,65,55,50),(282,518,68,65,65,125,115,80),(282,618,68,85,65,165,135,100),(283,269,40,30,32,50,52,65),(284,414,70,60,62,80,82,60),(285,295,60,40,60,40,60,35),(286,460,60,130,80,60,60,70),(287,280,60,60,60,35,35,30),(288,440,80,80,80,55,55,90),(289,670,150,160,100,95,65,100),(290,266,31,45,90,30,30,40),(291,456,61,90,45,50,50,160),(292,236,1,90,45,30,30,40),(293,240,64,51,23,51,23,28),(294,360,84,71,43,71,43,48),(295,490,104,91,63,91,73,68),(296,237,72,60,30,20,30,25),(297,474,144,120,60,40,60,50),(298,190,50,20,40,20,40,20),(299,375,30,45,135,45,90,30),(300,260,50,45,45,35,35,50),(301,380,70,65,65,55,55,70),(302,380,50,75,75,65,65,50),(302,480,50,85,125,85,115,20),(303,380,50,85,85,55,55,50),(303,480,50,105,125,55,95,50),(304,330,50,70,100,40,40,30),(305,430,60,90,140,50,50,40),(306,530,70,110,180,60,60,50),(306,630,70,140,230,60,80,50),(307,280,30,40,55,40,55,60),(308,410,60,60,75,60,75,80),(308,510,60,100,85,80,85,100),(309,295,40,45,40,65,40,65),(310,475,70,75,60,105,60,105),(310,575,70,75,80,135,80,135),(311,405,60,50,40,85,75,95),(312,405,60,40,50,75,85,95),(313,400,65,73,55,47,75,85),(314,400,65,47,55,73,75,85),(315,400,50,60,45,100,80,65),(316,302,70,43,53,43,53,40),(317,467,100,73,83,73,83,55),(318,305,45,90,20,65,20,65),(319,460,70,120,40,95,40,95),(319,560,70,140,70,110,65,105),(320,400,130,70,35,70,35,60),(321,500,170,90,45,90,45,60),(322,305,60,60,40,65,45,35),(323,460,70,100,70,105,75,40),(323,560,70,120,100,145,105,20),(324,470,70,85,140,85,70,20),(325,330,60,25,35,70,80,60),(326,470,80,45,65,90,110,80),(327,360,60,60,60,60,60,60),(328,290,45,100,45,45,45,10),(329,340,50,70,50,50,50,70),(330,520,80,100,80,80,80,100),(331,335,50,85,40,85,40,35),(332,475,70,115,60,115,60,55),(333,310,45,40,60,40,75,50),(334,490,75,70,90,70,105,80),(334,590,75,110,110,110,105,80),(335,458,73,115,60,60,60,90),(336,458,73,100,60,100,60,65),(337,440,70,55,65,95,85,70),(338,440,70,95,85,55,65,70),(339,288,50,48,43,46,41,60),(340,468,110,78,73,76,71,60),(341,308,43,80,65,50,35,35),(342,468,63,120,85,90,55,55),(343,300,40,40,55,40,70,55),(344,500,60,70,105,70,120,75),(345,355,66,41,77,61,87,23),(346,495,86,81,97,81,107,43),(347,355,45,95,50,40,50,75),(348,495,75,125,100,70,80,45),(349,200,20,15,20,10,55,80),(350,540,95,60,79,100,125,81),(351,420,70,70,70,70,70,70),(352,440,60,90,70,60,120,40),(353,295,44,75,35,63,33,45),(354,455,64,115,65,83,63,65),(354,555,64,165,75,93,83,75),(355,295,20,40,90,30,90,25),(356,455,40,70,130,60,130,25),(357,460,99,68,83,72,87,51),(358,425,65,50,70,95,80,65),(359,465,65,130,60,75,60,75),(359,565,65,150,60,115,60,115),(360,260,95,23,48,23,48,23),(361,300,50,50,50,50,50,50),(362,480,80,80,80,80,80,80),(362,580,80,120,80,120,80,100),(363,290,70,40,50,55,50,25),(364,410,90,60,70,75,70,45),(365,530,110,80,90,95,90,65),(366,345,35,64,85,74,55,32),(367,485,55,104,105,94,75,52),(368,485,55,84,105,114,75,52),(369,485,100,90,130,45,65,55),(370,330,43,30,55,40,65,97),(371,300,45,75,60,40,30,50),(372,420,65,95,100,60,50,50),(373,600,95,135,80,110,80,100),(373,700,95,145,130,120,90,120),(374,300,40,55,80,35,60,30),(375,420,60,75,100,55,80,50),(376,600,80,135,130,95,90,70),(376,700,80,145,150,105,110,110),(377,580,80,100,200,50,100,50),(378,580,80,50,100,100,200,50),(379,580,80,75,150,75,150,50),(380,600,80,80,90,110,130,110),(380,700,80,100,120,140,150,110),(381,600,80,90,80,130,110,110),(381,700,80,130,100,160,120,110),(382,670,100,100,90,150,140,90),(382,770,100,150,90,180,160,90),(383,670,100,150,140,100,90,90),(383,770,100,180,160,150,90,90),(384,680,105,150,90,150,90,95),(384,780,105,180,100,180,100,115),(385,600,100,100,100,100,100,100),(386,600,50,150,50,150,50,150),(386,600,50,180,20,180,20,150),(386,600,50,70,160,70,160,90),(386,600,50,95,90,95,90,180),(387,318,55,68,64,45,55,31),(388,405,75,89,85,55,65,36),(389,525,95,109,105,75,85,56),(390,309,44,58,44,58,44,61),(391,405,64,78,52,78,52,81),(392,534,76,104,71,104,71,108),(393,314,53,51,53,61,56,40),(394,405,64,66,68,81,76,50),(395,530,84,86,88,111,101,60),(396,245,40,55,30,30,30,60),(397,340,55,75,50,40,40,80),(398,485,85,120,70,50,60,100),(399,250,59,45,40,35,40,31),(400,410,79,85,60,55,60,71),(401,194,37,25,41,25,41,25),(402,384,77,85,51,55,51,65),(403,263,45,65,34,40,34,45),(404,363,60,85,49,60,49,60),(405,523,80,120,79,95,79,70),(406,280,40,30,35,50,70,55),(407,515,60,70,65,125,105,90),(408,350,67,125,40,30,30,58),(409,495,97,165,60,65,50,58),(410,350,30,42,118,42,88,30),(411,495,60,52,168,47,138,30),(412,224,40,29,45,29,45,36),(413,424,60,59,85,79,105,36),(413,424,60,79,105,59,85,36),(413,424,60,69,95,69,95,36),(414,424,70,94,50,94,50,66),(415,244,30,30,42,30,42,70),(416,474,70,80,102,80,102,40),(417,405,60,45,70,45,90,95),(418,330,55,65,35,60,30,85),(419,495,85,105,55,85,50,115),(420,275,45,35,45,62,53,35),(421,450,70,60,70,87,78,85),(422,325,76,48,48,57,62,34),(423,475,111,83,68,92,82,39),(424,482,75,100,66,60,66,115),(425,348,90,50,34,60,44,70),(426,498,150,80,44,90,54,80),(427,350,55,66,44,44,56,85),(428,480,65,76,84,54,96,105),(428,580,65,136,94,54,96,135),(429,495,60,60,60,105,105,105),(430,505,100,125,52,105,52,71),(431,310,49,55,42,42,37,85),(432,452,71,82,64,64,59,112),(433,285,45,30,50,65,50,45),(434,329,63,63,47,41,41,74),(435,479,103,93,67,71,61,84),(436,300,57,24,86,24,86,23),(437,500,67,89,116,79,116,33),(438,290,50,80,95,10,45,10),(439,310,20,25,45,70,90,60),(440,220,100,5,5,15,65,30),(441,411,76,65,45,92,42,91),(442,485,50,92,108,92,108,35),(443,300,58,70,45,40,45,42),(444,410,68,90,65,50,55,82),(445,600,108,130,95,80,85,102),(445,700,108,170,115,120,95,92),(446,390,135,85,40,40,85,5),(447,285,40,70,40,35,40,60),(448,525,70,110,70,115,70,90),(448,625,70,145,88,140,70,112),(449,330,68,72,78,38,42,32),(450,525,108,112,118,68,72,47),(451,330,40,50,90,30,55,65),(452,500,70,90,110,60,75,95),(453,300,48,61,40,61,40,50),(454,490,83,106,65,86,65,85),(455,454,74,100,72,90,72,46),(456,330,49,49,56,49,61,66),(457,460,69,69,76,69,86,91),(458,345,45,20,50,60,120,50),(459,334,60,62,50,62,60,40),(460,494,90,92,75,92,85,60),(460,594,90,132,105,132,105,30),(461,510,70,120,65,45,85,125),(462,535,70,70,115,130,90,60),(463,515,110,85,95,80,95,50),(464,535,115,140,130,55,55,40),(465,535,100,100,125,110,50,50),(466,540,75,123,67,95,85,95),(467,540,75,95,67,125,95,83),(468,545,85,50,95,120,115,80),(469,515,86,76,86,116,56,95),(470,525,65,110,130,60,65,95),(471,525,65,60,110,130,95,65),(472,510,75,95,125,45,75,95),(473,530,110,130,80,70,60,80),(474,535,85,80,70,135,75,90),(475,518,68,125,65,65,115,80),(475,618,68,165,95,65,115,110),(476,525,60,55,145,75,150,40),(477,525,45,100,135,65,135,45),(478,480,70,80,70,80,70,110),(479,440,50,50,77,95,77,91),(479,520,50,65,107,105,107,86),(479,520,50,65,107,105,107,86),(479,520,50,65,107,105,107,86),(479,520,50,65,107,105,107,86),(479,520,50,65,107,105,107,86),(480,580,75,75,130,75,130,95),(481,580,80,105,105,105,105,80),(482,580,75,125,70,125,70,115),(483,680,100,120,120,150,100,90),(484,680,90,120,100,150,120,100),(485,600,91,90,106,130,106,77),(486,670,110,160,110,80,110,100),(487,680,150,100,120,100,120,90),(487,680,150,120,100,120,100,90),(488,600,120,70,120,75,130,85),(489,480,80,80,80,80,80,80),(490,600,100,100,100,100,100,100),(491,600,70,90,90,135,90,125),(492,600,100,100,100,100,100,100),(492,600,100,103,75,120,75,127),(493,720,120,120,120,120,120,120),(494,600,100,100,100,100,100,100),(495,308,45,45,55,45,55,63),(496,413,60,60,75,60,75,83),(497,528,75,75,95,75,95,113),(498,308,65,63,45,45,45,45),(499,418,90,93,55,70,55,55),(500,528,110,123,65,100,65,65),(501,308,55,55,45,63,45,45),(502,413,75,75,60,83,60,60),(503,528,95,100,85,108,70,70),(504,255,45,55,39,35,39,42),(505,420,60,85,69,60,69,77),(506,275,45,60,45,25,45,55),(507,370,65,80,65,35,65,60),(508,500,85,110,90,45,90,80),(509,281,41,50,37,50,37,66),(510,446,64,88,50,88,50,106),(511,316,50,53,48,53,48,64),(512,498,75,98,63,98,63,101),(513,316,50,53,48,53,48,64),(514,498,75,98,63,98,63,101),(515,316,50,53,48,53,48,64),(516,498,75,98,63,98,63,101),(517,292,76,25,45,67,55,24),(518,487,116,55,85,107,95,29),(519,264,50,55,50,36,30,43),(520,358,62,77,62,50,42,65),(521,488,80,115,80,65,55,93),(522,295,45,60,32,50,32,76),(523,497,75,100,63,80,63,116),(524,280,55,75,85,25,25,15),(525,390,70,105,105,50,40,20),(526,515,85,135,130,60,80,25),(527,313,55,45,43,55,43,72),(528,425,67,57,55,77,55,114),(529,328,60,85,40,30,45,68),(530,508,110,135,60,50,65,88),(531,445,103,60,86,60,86,50),(531,545,103,60,126,80,126,50),(532,305,75,80,55,25,35,35),(533,405,85,105,85,40,50,40),(534,505,105,140,95,55,65,45),(535,294,50,50,40,50,40,64),(536,384,75,65,55,65,55,69),(537,509,105,95,75,85,75,74),(538,465,120,100,85,30,85,45),(539,465,75,125,75,30,75,85),(540,310,45,53,70,40,60,42),(541,380,55,63,90,50,80,42),(542,500,75,103,80,70,80,92),(543,260,30,45,59,30,39,57),(544,360,40,55,99,40,79,47),(545,485,60,100,89,55,69,112),(546,280,40,27,60,37,50,66),(547,480,60,67,85,77,75,116),(548,280,45,35,50,70,50,30),(549,480,70,60,75,110,75,90),(550,460,70,92,65,80,55,98),(551,292,50,72,35,35,35,65),(552,351,60,82,45,45,45,74),(553,519,95,117,80,65,70,92),(554,315,70,90,45,15,45,50),(555,480,105,140,55,30,55,95),(555,540,105,30,105,140,105,55),(556,461,75,86,67,106,67,60),(557,325,50,65,85,35,35,55),(558,475,70,95,125,65,75,45),(559,348,50,75,70,35,70,48),(560,488,65,90,115,45,115,58),(561,490,72,58,80,103,80,97),(562,303,38,30,85,55,65,30),(563,483,58,50,145,95,105,30),(564,355,54,78,103,53,45,22),(565,495,74,108,133,83,65,32),(566,401,55,112,45,74,45,70),(567,567,75,140,65,112,65,110),(568,329,50,50,62,40,62,65),(569,474,80,95,82,60,82,75),(570,330,40,65,40,80,40,65),(571,510,60,105,60,120,60,105),(572,300,55,50,40,40,40,75),(573,470,75,95,60,65,60,115),(574,290,45,30,50,55,65,45),(575,390,60,45,70,75,85,55),(576,490,70,55,95,95,110,65),(577,290,45,30,40,105,50,20),(578,370,65,40,50,125,60,30),(579,490,110,65,75,125,85,30),(580,305,62,44,50,44,50,55),(581,473,75,87,63,87,63,98),(582,305,36,50,50,65,60,44),(583,395,51,65,65,80,75,59),(584,535,71,95,85,110,95,79),(585,335,60,60,50,40,50,75),(586,475,80,100,70,60,70,95),(587,428,55,75,60,75,60,103),(588,315,50,75,45,40,45,60),(589,495,70,135,105,60,105,20),(590,294,69,55,45,55,55,15),(591,464,114,85,70,85,80,30),(592,335,55,40,50,65,85,40),(593,480,100,60,70,85,105,60),(594,470,165,75,80,40,45,65),(595,319,50,47,50,57,50,65),(596,472,70,77,60,97,60,108),(597,305,44,50,91,24,86,10),(598,489,74,94,131,54,116,20),(599,300,40,55,70,45,60,30),(600,440,60,80,95,70,85,50),(601,520,60,100,115,70,85,90),(602,275,35,55,40,45,40,60),(603,405,65,85,70,75,70,40),(604,515,85,115,80,105,80,50),(605,335,55,55,55,85,55,30),(606,485,75,75,75,125,95,40),(607,275,50,30,55,65,55,20),(608,370,60,40,60,95,60,55),(609,520,60,55,90,145,90,80),(610,320,46,87,60,30,40,57),(611,410,66,117,70,40,50,67),(612,540,76,147,90,60,70,97),(613,305,55,70,40,60,40,40),(614,485,95,110,80,70,80,50),(615,485,70,50,30,95,135,105),(616,305,50,40,85,40,65,25),(617,495,80,70,40,100,60,145),(618,471,109,66,84,81,99,32),(619,350,45,85,50,55,50,65),(620,510,65,125,60,95,60,105),(621,485,77,120,90,60,90,48),(622,303,59,74,50,35,50,35),(623,483,89,124,80,55,80,55),(624,340,45,85,70,40,40,60),(625,490,65,125,100,60,70,70),(626,490,95,110,95,40,95,55),(627,350,70,83,50,37,50,60),(628,510,100,123,75,57,75,80),(629,370,70,55,75,45,65,60),(630,510,110,65,105,55,95,80),(631,484,85,97,66,105,66,65),(632,484,58,109,112,48,48,109),(633,300,52,65,50,45,50,38),(634,420,72,85,70,65,70,58),(635,600,92,105,90,125,90,98),(636,360,55,85,55,50,55,60),(637,550,85,60,65,135,105,100),(638,580,91,90,129,90,72,108),(639,580,91,129,90,72,90,108),(640,580,91,90,72,90,129,108),(641,580,79,115,70,125,80,111),(641,580,79,100,80,110,90,121),(642,580,79,115,70,125,80,111),(642,580,79,105,70,145,80,101),(643,680,100,120,100,150,120,90),(644,680,100,150,120,120,100,90),(645,600,89,125,90,115,80,101),(645,600,89,145,90,105,80,91),(646,660,125,130,90,130,90,95),(646,700,125,170,100,120,90,95),(646,700,125,120,90,170,100,95),(647,580,91,72,90,129,90,108),(647,580,91,72,90,129,90,108),(648,600,100,77,77,128,128,90),(648,600,100,128,90,77,77,128);
/*!40000 ALTER TABLE `powers` ENABLE KEYS */;
UNLOCK TABLES;

--
-- Table structure for table `team`
--

DROP TABLE IF EXISTS `team`;
/*!40101 SET @saved_cs_client     = @@character_set_client */;
/*!50503 SET character_set_client = utf8mb4 */;
CREATE TABLE `team` (
  `teamId` int NOT NULL AUTO_INCREMENT,
  `userId` int DEFAULT NULL,
  PRIMARY KEY (`teamId`),
  KEY `userId` (`userId`),
  CONSTRAINT `team_ibfk_1` FOREIGN KEY (`userId`) REFERENCES `user` (`userId`) ON DELETE RESTRICT ON UPDATE CASCADE
) ENGINE=InnoDB AUTO_INCREMENT=6357 DEFAULT CHARSET=utf8mb4 COLLATE=utf8mb4_0900_ai_ci;
/*!40101 SET character_set_client = @saved_cs_client */;

--
-- Dumping data for table `team`
--

LOCK TABLES `team` WRITE;
/*!40000 ALTER TABLE `team` DISABLE KEYS */;
INSERT INTO `team` VALUES (6309,11),(6349,11),(6287,31),(6289,31),(6291,31),(6293,31),(6295,31),(6297,31),(6299,31),(6319,31),(6327,31),(6329,31),(6351,31),(6353,31),(6355,31),(6301,37),(6303,37),(6305,37),(6311,37),(6313,37),(6315,37),(6321,37),(6323,37),(6325,37),(6333,37),(6335,37),(6337,37),(6339,37),(6258,52),(6260,52),(6262,52),(6264,52),(6266,52),(6268,52),(6270,52),(6272,52),(6274,52),(6276,52),(6278,52),(6280,52),(6282,52),(6284,52),(6286,52),(6288,52),(6290,52),(6292,52),(6294,52),(6296,52),(6298,52),(6300,52),(6302,52),(6304,52),(6306,52),(6308,52),(6310,52),(6312,52),(6314,52),(6316,52),(6318,52),(6320,52),(6322,52),(6324,52),(6326,52),(6328,52),(6330,52),(6332,52),(6334,52),(6336,52),(6338,52),(6340,52),(6342,52),(6344,52),(6346,52),(6348,52),(6350,52),(6352,52),(6354,52),(6356,52),(6257,53),(6259,54),(6285,54),(6261,55),(6263,56),(6265,57),(6267,58),(6269,59),(6271,60),(6273,60),(6281,60),(6275,62),(6277,63),(6279,64),(6283,66),(6307,78),(6331,78),(6317,83),(6341,95),(6343,96),(6345,96),(6347,98);
/*!40000 ALTER TABLE `team` ENABLE KEYS */;
UNLOCK TABLES;

--
-- Table structure for table `teamMember`
--

DROP TABLE IF EXISTS `teamMember`;
/*!40101 SET @saved_cs_client     = @@character_set_client */;
/*!50503 SET character_set_client = utf8mb4 */;
CREATE TABLE `teamMember` (
  `pId` int NOT NULL AUTO_INCREMENT,
  `teamId` int NOT NULL,
  `item` varchar(32) DEFAULT NULL,
  `level` int NOT NULL,
  `health` int NOT NULL,
  KEY `pId` (`pId`),
  KEY `teamId` (`teamId`),
  KEY `item` (`item`),
  CONSTRAINT `teammember_ibfk_1` FOREIGN KEY (`pId`) REFERENCES `pokemon` (`pID`) ON DELETE RESTRICT ON UPDATE CASCADE,
  CONSTRAINT `teammember_ibfk_2` FOREIGN KEY (`teamId`) REFERENCES `team` (`teamId`) ON DELETE RESTRICT ON UPDATE CASCADE,
  CONSTRAINT `teammember_ibfk_3` FOREIGN KEY (`item`) REFERENCES `item` (`name`) ON DELETE RESTRICT ON UPDATE CASCADE
) ENGINE=InnoDB AUTO_INCREMENT=445 DEFAULT CHARSET=utf8mb4 COLLATE=utf8mb4_0900_ai_ci;
/*!40101 SET character_set_client = @saved_cs_client */;

--
-- Dumping data for table `teamMember`
--

LOCK TABLES `teamMember` WRITE;
/*!40000 ALTER TABLE `teamMember` DISABLE KEYS */;
INSERT INTO `teamMember` VALUES (1,6287,'None',10,45),(7,6292,'None',10,45),(1,6287,'None',10,45),(7,6294,'None',9,45),(1,6287,'None',30,45),(2,6287,'None',20,45),(30,6287,'None',20,45),(7,6296,'None',30,45),(8,6296,'None',20,45),(9,6296,'None',20,45),(1,6287,'None',30,45),(7,6298,'None',30,45),(1,6287,'None',30,45),(7,6300,'None',30,45),(1,6301,'None',30,45),(7,6302,'None',30,45),(1,6301,'None',30,45),(7,6304,'None',30,45),(1,6301,'None',30,45),(7,6306,'None',30,45),(1,6307,'None',1,45),(7,6308,'None',1,45),(1,6309,'None',50,45),(77,6309,'None',55,45),(333,6309,'None',55,45),(345,6309,'None',34,45),(89,6309,'None',39,45),(432,6309,'None',35,45),(23,6310,'None',30,45),(43,6310,'None',30,45),(234,6310,'None',30,45),(222,6310,'None',21,45),(369,6310,'None',20,45),(279,6310,'None',20,45),(1,6301,'None',1,45),(1,6301,'None',1,45),(2,6301,'None',1,45),(3,6301,'None',4,45),(5,6301,'None',7,45),(6,6301,'None',1,45),(13,6312,'None',1,45),(5,6312,'None',1,45),(6,6312,'None',3,45),(2,6312,'None',3,45),(8,6312,'None',2,45),(99,6312,'None',2,45),(1,6301,'None',50,45),(2,6301,'None',50,45),(3,6301,'None',50,45),(4,6301,'None',50,45),(5,6301,'None',50,45),(6,6301,'None',50,45),(11,6314,'None',50,45),(12,6314,'None',50,45),(13,6314,'None',50,45),(14,6314,'None',50,45),(15,6314,'None',50,45),(16,6314,'None',50,45),(1,6301,'None',1,45),(2,6301,'None',1,45),(3,6301,'None',1,45),(4,6301,'None',1,45),(5,6301,'None',1,45),(6,6301,'None',1,45),(7,6316,'None',1,45),(8,6316,'None',1,45),(9,6316,'None',1,45),(10,6316,'None',1,45),(11,6316,'None',1,45),(12,6316,'None',1,45),(1,6317,'None',50,45),(2,6317,'None',1,45),(3,6317,'None',1,45),(4,6317,'None',4,45),(5,6317,'None',6,45),(6,6317,'None',1,45),(7,6318,'None',1,45),(8,6318,'None',1,45),(9,6318,'None',1,45),(10,6318,'None',1,45),(11,6318,'None',12,45),(12,6318,'None',1,45),(1,6287,'None',1,45),(2,6287,'None',1,45),(3,6287,'None',1,45),(4,6287,'None',1,45),(5,6287,'None',1,45),(6,6287,'None',1,45),(7,6320,'None',1,45),(8,6320,'None',1,45),(9,6320,'None',1,45),(10,6320,'None',1,45),(11,6320,'None',1,45),(12,6320,'None',1,45),(1,6322,'None',1,45),(2,6322,'None',1,45),(3,6322,'None',1,45),(4,6322,'None',1,45),(5,6322,'None',1,45),(6,6322,'None',1,45),(1,6301,'None',1,45),(222,6301,'None',1,45),(333,6301,'None',1,45),(444,6301,'None',1,45),(345,6301,'None',1,45),(234,6301,'None',1,45),(1,6324,'None',1,45),(2,6324,'None',1,45),(3,6324,'None',1,45),(4,6324,'None',1,45),(5,6324,'None',5,45),(6,6324,'None',1,45),(1,6301,'None',50,45),(22,6301,'None',2,45),(33,6301,'None',1,45),(222,6301,'None',1,45),(333,6301,'None',3,45),(444,6301,'None',1,45),(1,6301,'None',1,45),(2,6301,'None',3,45),(3,6301,'None',50,45),(4,6301,'None',5,45),(5,6301,'None',2,45),(6,6301,'None',9,45),(9,6326,'None',1,45),(10,6326,'None',1,45),(88,6326,'None',1,45),(98,6326,'None',1,45),(57,6326,'None',1,45),(345,6326,'None',1,45),(1,6287,'None',1,45),(2,6287,'None',2,45),(7,6287,'None',1,45),(8,6328,'None',1,45),(7,6328,'None',1,45),(1,6287,'None',50,45),(7,6330,'None',45,45),(1,6307,'None',50,45),(7,6332,'None',45,45),(1,6301,'None',50,45),(7,6334,'None',50,45),(1,6301,'None',50,45),(7,6336,'None',50,45),(1,6301,'None',50,45),(7,6338,'None',50,45),(1,6301,'None',50,45),(7,6340,'None',50,45),(1,6341,'None',50,45),(7,6342,'None',50,45),(1,6343,'None',1,45),(7,6344,'None',1,45),(1,6343,'None',50,45),(7,6346,'None',50,45),(1,6347,'None',50,45),(7,6348,'None',50,45),(1,6309,'Antidote',50,45),(7,6350,'None',50,45),(1,6287,'None',50,45),(7,6352,'None',50,45),(1,6287,'None',50,45),(7,6354,'None',50,45),(1,6287,'None',50,45),(7,6356,'None',50,45);
/*!40000 ALTER TABLE `teamMember` ENABLE KEYS */;
UNLOCK TABLES;

--
-- Table structure for table `type`
--

DROP TABLE IF EXISTS `type`;
/*!40101 SET @saved_cs_client     = @@character_set_client */;
/*!50503 SET character_set_client = utf8mb4 */;
CREATE TABLE `type` (
  `name` varchar(32) NOT NULL,
  `advantages` varchar(64) NOT NULL,
  `disadvantages` varchar(64) NOT NULL,
  `advantageScore` int NOT NULL,
  PRIMARY KEY (`name`)
) ENGINE=InnoDB DEFAULT CHARSET=utf8mb4 COLLATE=utf8mb4_0900_ai_ci;
/*!40101 SET character_set_client = @saved_cs_client */;

--
-- Dumping data for table `type`
--

LOCK TABLES `type` WRITE;
/*!40000 ALTER TABLE `type` DISABLE KEYS */;
INSERT INTO `type` VALUES ('Bug','grass, psychic, dark','fire, fighting, poison, flying, ghost, steel, fairy',1750),('Dark','psychic, ghost','fighting, dark, fairy',1850),('Dragon','dragon','steel, fairy',1750),('Electric','water, flying, ','electric, grass, ground, flying',1750),('Fairy','fighting, dragon, dark','fire, poison, steel',1950),('Fighting','normal, grass, rock, dark steel','poison, flying, psychic, bug, ghost, fairy',1950),('Fire','grass, ice, bug, steel','fire, water, rock, dragon',2000),('Flying','grass, fighting, bug','electric, rock, steel',1950),('Ghost','psychic, ghost','normal, dark',1850),('Grass','water, ground, rock','fire, grass, posion, flying, bug',1750),('Ground','fire, electric, poison, rock, steel','grass, flying, bug',2100),('Ice','grass, ground, flying, dragon','fire, water, ice, steel',2000),('Normal','none','rock, ghost, steel',1600),('Poison','grass, fairy','poison, ground, rock, ghost, steel',1700),('Psychic','fighting, poison','psychic, dark, steel',1800),('Rock','fire, ice, fly, bug','fighting, ground, steel',2050),('Steel','ice, rock, fairy','fire, water, electric, steel',1900),('Water','fire, ground, rock','water, grass, dragon',1950);
/*!40000 ALTER TABLE `type` ENABLE KEYS */;
UNLOCK TABLES;

--
-- Table structure for table `user`
--

DROP TABLE IF EXISTS `user`;
/*!40101 SET @saved_cs_client     = @@character_set_client */;
/*!50503 SET character_set_client = utf8mb4 */;
CREATE TABLE `user` (
  `userId` int NOT NULL AUTO_INCREMENT,
  `name` varchar(32) NOT NULL,
  `numPokemon` int NOT NULL,
  PRIMARY KEY (`userId`)
) ENGINE=InnoDB AUTO_INCREMENT=103 DEFAULT CHARSET=utf8mb4 COLLATE=utf8mb4_0900_ai_ci;
/*!40101 SET character_set_client = @saved_cs_client */;

--
-- Dumping data for table `user`
--

LOCK TABLES `user` WRITE;
/*!40000 ALTER TABLE `user` DISABLE KEYS */;
INSERT INTO `user` VALUES (9,'Cyrus Baby',10),(10,'Medha Shah',13),(11,'Riley Rochester',25),(12,'Eli Kalini',6),(13,'Nora Carthy',4),(14,'Drew Peterson',7),(15,'Kirsten Anderson',30),(16,'Maya Bose',23),(20,'Jane Doe',0),(24,'Ur Mom',0),(25,'Squidward Tentacles',0),(26,'Patrick Star',0),(27,'Bob Burgers',0),(28,'Tina Belcher',0),(29,'Bigfoot',0),(30,'Mothman',0),(31,'Riley',0),(32,'Riley R',0),(33,'Hukarz',0),(34,'What Ever',0),(35,'Buzz Lightyear',0),(36,'R R',0),(37,'R',0),(38,'Rr',0),(39,'Skdjfls',0),(40,'Jhkghk',0),(41,'Sfdfs',0),(42,'Xfdfx',0),(43,'Sdfsd',0),(44,'Fdsaf',0),(45,'Sdfs',0),(46,'Sfsdafsaf',0),(47,'Help',0),(48,'Fjkdslj',0),(49,'Dfdfdfdf',0),(50,'Df',0),(51,'Help Me',0),(52,'Adversary',0),(53,'Whatever',0),(54,'Anna',0),(55,'Dfhd',0),(56,'Sfdfss',0),(57,'Fsfdsfs',0),(58,'Dkfjkdj',0),(59,'Dfd',0),(60,'Hi',0),(61,'Hi',0),(62,'Anna Petti',0),(63,'Malathi Reddy',0),(64,'Mr Krabs',0),(65,'Hi',0),(66,'Malathi',0),(67,'Anna',0),(68,'Riley',0),(69,'Riley',0),(70,'Riley',0),(71,'Riley',0),(72,'Riley',0),(73,'Riley',0),(74,'Riley',0),(75,'R',0),(76,'R',0),(77,'R',0),(78,'K',0),(79,'Riley Rochester',0),(80,'R',0),(81,'R',0),(82,'R',0),(83,'Alice Tsai',0),(84,'Riley',0),(85,'R',0),(86,'R',0),(87,'R',0),(88,'Riley',0),(89,'Riley',0),(90,'K',0),(91,'R',0),(92,'R',0),(93,'R',0),(94,'R',0),(95,'F',0),(96,'Y',0),(97,'Y',0),(98,'U',0),(99,'Riley Rochester',0),(100,'Riley',0),(101,'Riley',0),(102,'Riley',0);
/*!40000 ALTER TABLE `user` ENABLE KEYS */;
UNLOCK TABLES;
/*!40103 SET TIME_ZONE=@OLD_TIME_ZONE */;

/*!40101 SET SQL_MODE=@OLD_SQL_MODE */;
/*!40014 SET FOREIGN_KEY_CHECKS=@OLD_FOREIGN_KEY_CHECKS */;
/*!40014 SET UNIQUE_CHECKS=@OLD_UNIQUE_CHECKS */;
/*!40101 SET CHARACTER_SET_CLIENT=@OLD_CHARACTER_SET_CLIENT */;
/*!40101 SET CHARACTER_SET_RESULTS=@OLD_CHARACTER_SET_RESULTS */;
/*!40101 SET COLLATION_CONNECTION=@OLD_COLLATION_CONNECTION */;
/*!40111 SET SQL_NOTES=@OLD_SQL_NOTES */;

-- Dump completed on 2022-04-27 22:58:32
